id,name,album_id,popularity,url,track_number,valence
2SldONFtB8N8CESsZcWaUk,Low Light - Live,5p58xqouYCtDpKCmdISXvT,51,,1,0.438
70GyjQ9zNbrxRLZFChdgJL,Better Man - Live,5p58xqouYCtDpKCmdISXvT,48,,2,0.23
7cqIoasBFS2va1B1GOcPr9,Elderly Woman Behind The Counter In A Small Town - Live,5p58xqouYCtDpKCmdISXvT,46,,3,0.369
64MwuXv0kokoVgAj8ACte5,Last Exit - Live,5p58xqouYCtDpKCmdISXvT,44,,4,0.662
0Fx0IjaERpkG4RwxsKcoIc,Lightning Bolt - Live,5p58xqouYCtDpKCmdISXvT,44,,5,0.37
2bzyMUu3HM4rHu6DEFXkR6,"Black, Red, Yellow - Live",5p58xqouYCtDpKCmdISXvT,42,,6,0.664
79wSLcuIkKe9kq00NqFSvz,Black - Live,5p58xqouYCtDpKCmdISXvT,48,,7,0.453
3D83cZrWsr3HUHUsqRyIQi,Corduroy - Live,5p58xqouYCtDpKCmdISXvT,45,,8,0.153
0N0xjeADHHX0UPioLnbvRI,Given To Fly - Live,5p58xqouYCtDpKCmdISXvT,44,,9,0.381
4BWuoEfl3oGswvJApi8gBW,Jeremy - Live,5p58xqouYCtDpKCmdISXvT,44,,10,0.284
3u4Pze42QsMVHVZuhrA7FR,Inside Job - Live,5p58xqouYCtDpKCmdISXvT,42,,11,0.135
0dZJ5g0V7G8SReiQQOdZEf,Go - Live,5p58xqouYCtDpKCmdISXvT,41,,12,0.202
6Q0zMgNZsyeuNu9n7JdWu5,Crazy Mary - Live,5p58xqouYCtDpKCmdISXvT,43,,13,0.264
4MFvVTK9okxvGNlyA1sBw7,Release - Live,5p58xqouYCtDpKCmdISXvT,43,,14,0.18
3PGJJAYdR7kCXPz8NhgZkH,Alive - Live,5p58xqouYCtDpKCmdISXvT,43,,15,0.377
6BLQWAs5r10TMEpAa03MA4,All The Way - Live,5p58xqouYCtDpKCmdISXvT,41,,16,0.343
1YdFdvn3NgPWE4MlKEJ46Q,I've Got A Feeling - Live,5p58xqouYCtDpKCmdISXvT,40,,17,0.331
5NHZFD1TXeBwAFV3EzRKjT,Getaway,01WEcEzoa9mfh8fIDhvV1M,51,,1,0.765
2PdxbK3d0ZS58dD8jRqR6L,Mind Your Manners,01WEcEzoa9mfh8fIDhvV1M,50,,2,0.866
2h1DKQLsgsVcM0Lzw66NLm,My Fatherâ€™s Son,01WEcEzoa9mfh8fIDhvV1M,41,,3,0.615
1cAMXz9mnvrqyQLSG4KeeE,Sirens,01WEcEzoa9mfh8fIDhvV1M,63,,4,0.483
5BISG8mt214XVok85ICfsz,Lightning Bolt,01WEcEzoa9mfh8fIDhvV1M,51,,5,0.787
10ksqrWHRkFHAdD9Nggalm,Infallible,01WEcEzoa9mfh8fIDhvV1M,43,,6,0.582
0boFvkCUiF1NonaqJzhSiP,Pendulum,01WEcEzoa9mfh8fIDhvV1M,51,,7,0.321
4PlKXx0MP4ySbe7rqgMZLo,Swallowed Whole,01WEcEzoa9mfh8fIDhvV1M,42,,8,0.722
6gSIF6oUV7L5A6NTFSSPeU,Let The Records Play,01WEcEzoa9mfh8fIDhvV1M,40,,9,0.587
36xwZduhscan5kydpfvSww,Sleeping By Myself,01WEcEzoa9mfh8fIDhvV1M,44,,10,0.573
4Ka1IL0p2YhEwH0fY1lAnk,Yellow Moon,01WEcEzoa9mfh8fIDhvV1M,42,,11,0.368
22sDLvlzAJzH0BHiMSOfRP,Future Days,01WEcEzoa9mfh8fIDhvV1M,53,,12,0.179
1xvAmvcEcIsI2d8WR7TUMo,Gonna See My Friend,4DCwNXpnKEBYbls0T4LQzN,40,,1,0.831
2M9PoKjIXeRnjZfYeuhNFk,Got Some,4DCwNXpnKEBYbls0T4LQzN,42,,2,0.611
4J9qfNgyYFAkUK8oIOohN1,The Fixer,4DCwNXpnKEBYbls0T4LQzN,58,,3,0.9
5im4hamefI8z1KJ888VJF0,Johnny Guitar,4DCwNXpnKEBYbls0T4LQzN,40,,4,0.779
6i81qFkru6Kj1IEsB7KNp2,Just Breathe,4DCwNXpnKEBYbls0T4LQzN,69,,5,0.284
0a9hQd3e5yTnwitoIJwiAq,Amongst The Waves,4DCwNXpnKEBYbls0T4LQzN,51,,6,0.505
0mGBA5vtFH58DucfqaW6oG,Unthought Known,4DCwNXpnKEBYbls0T4LQzN,53,,7,0.692
5HA2NCGZNsoCV4gUFs1Bqt,Supersonic,4DCwNXpnKEBYbls0T4LQzN,41,,8,0.785
3qsExKNMqEdRepXTT9zbCz,Speed Of Sound,4DCwNXpnKEBYbls0T4LQzN,41,,9,0.343
00NkvHyGAGC2waBNmCaAdn,Force Of Nature,4DCwNXpnKEBYbls0T4LQzN,41,,10,0.775
0PkOdIbNj8L3e0p1JGIfLO,The End,4DCwNXpnKEBYbls0T4LQzN,53,,11,0.336
0nQhUQvfGf00sr04Aj5xDy,Better Man - Live,4DCwNXpnKEBYbls0T4LQzN,40,,12,0.332
7qhgIDmBk8GhY7VYObWous,Gonna See My Friend,0Zs8psYQAFYXklESrL4UsV,2,,1,0.855
4fRBgRGpIfCfuIHLWSBK4h,Got Some,0Zs8psYQAFYXklESrL4UsV,1,,2,0.565
0JxuuJB6dPR2s0KL0su5F0,The Fixer,0Zs8psYQAFYXklESrL4UsV,13,,3,0.894
3xeoIuSy2YTetIWnXVTQgY,Johnny Guitar,0Zs8psYQAFYXklESrL4UsV,1,,4,0.825
3IsWNivZZHYURT2kTIvBDU,Just Breathe,0Zs8psYQAFYXklESrL4UsV,18,,5,0.283
3swnQCQqUUmuioKkFzp836,Amongst The Waves,0Zs8psYQAFYXklESrL4UsV,5,,6,0.558
4VBN3grcpeycK5m6I7jPN8,Unthought Known,0Zs8psYQAFYXklESrL4UsV,6,,7,0.689
4hWKjprJ1YqGz33BzycbeI,Supersonic,0Zs8psYQAFYXklESrL4UsV,1,,8,0.809
4jsuUeqAIRBC4tKYInqSnK,Speed Of Sound,0Zs8psYQAFYXklESrL4UsV,0,,9,0.363
4uSJr2HFdqRkdJx1JWgZOd,Force Of Nature,0Zs8psYQAFYXklESrL4UsV,2,,10,0.782
5pPs18xCTB8G9SgbsSdRX5,The End,0Zs8psYQAFYXklESrL4UsV,6,,11,0.332
2hHIaXvZDlGpwK6kowNxbG,Gonna See My Friend,0h52AbLNgjY4ctVfSZ1O7o,8,,1,0.855
4CU50fx7xn2nH57kllWpd6,Got Some,0h52AbLNgjY4ctVfSZ1O7o,10,,2,0.565
1CmByR0riObHakKx0HnPXP,Johnny Guitar,0h52AbLNgjY4ctVfSZ1O7o,9,,3,0.825
5zM0R4G7GY8bbB7SfaVyav,Just Breathe,0h52AbLNgjY4ctVfSZ1O7o,44,,4,0.283
1b58axbERsIa7hHmJ1vGGN,Amongst The Waves,0h52AbLNgjY4ctVfSZ1O7o,24,,5,0.558
5PPNFS29DBX4K4CGt8pu7T,Unthought Known,0h52AbLNgjY4ctVfSZ1O7o,25,,6,0.689
4dSiZH94ss58uKB02X6J3B,Supersonic,0h52AbLNgjY4ctVfSZ1O7o,9,,7,0.809
4wNNmMRYvNfV4bsiCdjO2y,Speed Of Sound,0h52AbLNgjY4ctVfSZ1O7o,9,,8,0.363
5IbtC5tJbDpxtvk9UbL2u0,Force Of Nature,0h52AbLNgjY4ctVfSZ1O7o,9,,9,0.782
0rYlYTmZEBsb4mVDEIhDLo,The End,0h52AbLNgjY4ctVfSZ1O7o,25,,10,0.332
6JYUm1vhdGLmCzbVjQCBhj,Better Man - Live,0h52AbLNgjY4ctVfSZ1O7o,7,,11,0.298
4E938GnJH2e4dtImtRpjpX,Life Wasted,5PY2mZGCOMezmWH7hiCwFH,49,https://p.scdn.co/mp3-preview/81e4aadb081f7e26c9e4623ce25a89c461b9d925?cid=f2aa2c18088747f585c6ff121849072c,1,0.497
4mWYx9wadNBVrgcTRzHSkB,World Wide Suicide,5PY2mZGCOMezmWH7hiCwFH,49,https://p.scdn.co/mp3-preview/08e14567a3dd4f04ec18c32ca5041e5d417c07c7?cid=f2aa2c18088747f585c6ff121849072c,2,0.721
6CRQbrPwC2DoKkJYBuQ9pz,Comatose,5PY2mZGCOMezmWH7hiCwFH,38,https://p.scdn.co/mp3-preview/7c82cc64b5a4e50237482d383c6344a003e638bd?cid=f2aa2c18088747f585c6ff121849072c,3,0.221
1nyJhMZxIRmYWWOPu76rVx,Severed Hand,5PY2mZGCOMezmWH7hiCwFH,37,https://p.scdn.co/mp3-preview/94086022418e381526487d1c13a7c961195f73a9?cid=f2aa2c18088747f585c6ff121849072c,4,0.141
5yMTdC1aFsDPt1ZjBXU9lR,Marker In The Sand,5PY2mZGCOMezmWH7hiCwFH,37,https://p.scdn.co/mp3-preview/6487afd9e506c338efb73bc9f85a90c3cf12d922?cid=f2aa2c18088747f585c6ff121849072c,5,0.786
5r7aERh906qlhm9bapUkmz,Parachutes,5PY2mZGCOMezmWH7hiCwFH,49,https://p.scdn.co/mp3-preview/2395842cd4ae36336d9502c8a758bec67b40869d?cid=f2aa2c18088747f585c6ff121849072c,6,0.531
44A2TguanyIH5yGVdYjAYP,Unemployable,5PY2mZGCOMezmWH7hiCwFH,37,https://p.scdn.co/mp3-preview/3e6ef95c4afc5ce61cb23cfad9b29c3cc097936f?cid=f2aa2c18088747f585c6ff121849072c,7,0.641
4hW2LI0YiTcd4PywnqH89A,Big Wave,5PY2mZGCOMezmWH7hiCwFH,39,https://p.scdn.co/mp3-preview/08d2a6b604f3bb6ee3c17bcd471f8d857a272f96?cid=f2aa2c18088747f585c6ff121849072c,8,0.562
5JSfrkLVMTNcr4qC3jPTup,Gone,5PY2mZGCOMezmWH7hiCwFH,40,https://p.scdn.co/mp3-preview/61bc3139a0bfc3cfba264c834dabf62827b42368?cid=f2aa2c18088747f585c6ff121849072c,9,0.173
19hDHreOgooLfOz9WXp5Z4,Wasted Reprise,5PY2mZGCOMezmWH7hiCwFH,36,https://p.scdn.co/mp3-preview/ac43338b498d556b9a9477ed99986b6482b46e71?cid=f2aa2c18088747f585c6ff121849072c,10,0.104
1m83O2gho4H9SdQMGFznbg,Army Reserve,5PY2mZGCOMezmWH7hiCwFH,37,https://p.scdn.co/mp3-preview/b758a733601e0983752de76635b8e194deef4b39?cid=f2aa2c18088747f585c6ff121849072c,11,0.589
0sHdUji2tWxiRDfShSWHUN,Come Back,5PY2mZGCOMezmWH7hiCwFH,56,https://p.scdn.co/mp3-preview/7c9e5b50e47ad97679f8979fc571e711d63992be?cid=f2aa2c18088747f585c6ff121849072c,12,0.267
73XSeP4sfxvHBl7eNsOHtj,Inside Job,5PY2mZGCOMezmWH7hiCwFH,48,https://p.scdn.co/mp3-preview/5a218118ad2f8ed0fec53a7bcfe0472c7dd56698?cid=f2aa2c18088747f585c6ff121849072c,13,0.0739
0cujsuo8M0ZMShWjNvgohI,Life Wasted - Brendan O'Brien Mix,1cJEPzLBLME22ZUra16HT2,29,https://p.scdn.co/mp3-preview/1a7124a4947bf1f5485fbca556af85f1bd551bee?cid=f2aa2c18088747f585c6ff121849072c,1,0.497
42lAbxpWEFQHPik42LPVR1,World Wide Suicide - Brendan O'Brien Mix,1cJEPzLBLME22ZUra16HT2,28,https://p.scdn.co/mp3-preview/91c99cdb5ce5a47d95d28fa730fd0bd69e7c2cef?cid=f2aa2c18088747f585c6ff121849072c,2,0.463
6rU8qBnzCn7J6nrzTuVTWx,Comatose - Brendan O'Brien Mix,1cJEPzLBLME22ZUra16HT2,27,https://p.scdn.co/mp3-preview/747d57563cd9972e5ca6cc4a5b648466f71afaef?cid=f2aa2c18088747f585c6ff121849072c,3,0.203
3uYqF6kfNoWpyViwVAW7Op,Severed Hand - Brendan O'Brien Mix,1cJEPzLBLME22ZUra16HT2,27,https://p.scdn.co/mp3-preview/28daa232beb2f7120835bc6140445197f05faf5b?cid=f2aa2c18088747f585c6ff121849072c,4,0.206
0sVaPVh6OQv7KqaCQz8W4U,Marker In the Sand - Brendan O'Brien Mix,1cJEPzLBLME22ZUra16HT2,27,https://p.scdn.co/mp3-preview/205f83042d334031a8cfbdfb8d3a97d666cff7d1?cid=f2aa2c18088747f585c6ff121849072c,5,0.558
7hDtNOPKrw4OjprCHkEBXZ,Parachutes - Brendan O'Brien Mix,1cJEPzLBLME22ZUra16HT2,27,https://p.scdn.co/mp3-preview/65a587d0f9b9b3f7e5bb7cae530b7589edfab9d1?cid=f2aa2c18088747f585c6ff121849072c,6,0.588
5pIya7TOJH4fMbR0SEatlu,Unemployable - Brendan O'Brien Mix,1cJEPzLBLME22ZUra16HT2,26,https://p.scdn.co/mp3-preview/66400a9216a44ebbaf5967b0d84e1f68394d5f52?cid=f2aa2c18088747f585c6ff121849072c,7,0.658
0TABj1OCQRqGP1WcuIILDM,Big Wave - Brendan O'Brien Mix,1cJEPzLBLME22ZUra16HT2,26,https://p.scdn.co/mp3-preview/3297b9a964ff8bb33a41204eaa5e01fd4a66a238?cid=f2aa2c18088747f585c6ff121849072c,8,0.469
3npDDgW4iYtHbJKYCYf604,Gone - Brendan O'Brien Mix,1cJEPzLBLME22ZUra16HT2,27,https://p.scdn.co/mp3-preview/17f39c6f096de2ff29221f5b07f020187f3bda3a?cid=f2aa2c18088747f585c6ff121849072c,9,0.137
7lDacu5ad4NQ3U47uxf8pi,Wasted Reprise - Brendan O'Brien Mix,1cJEPzLBLME22ZUra16HT2,25,https://p.scdn.co/mp3-preview/7b401c633c844bf5d32e19177b5d222c65d40f32?cid=f2aa2c18088747f585c6ff121849072c,10,0.0908
1VMJU5ywSQ3b1nCWORvRrd,Army Reserve - Brendan O'Brien Mix,1cJEPzLBLME22ZUra16HT2,26,https://p.scdn.co/mp3-preview/9941d041184a62f0a877224e6ee575157e412719?cid=f2aa2c18088747f585c6ff121849072c,11,0.445
3FNJB0bbh3arAZ5R71vZji,Come Back - Brendan O'Brien Mix,1cJEPzLBLME22ZUra16HT2,29,https://p.scdn.co/mp3-preview/1dfa34308fcd1488148c08e8a5e7c1ef5a9c0ba0?cid=f2aa2c18088747f585c6ff121849072c,12,0.361
3hZTnQjFdpjWy6mOH5L2kS,Inside Job - Brendan O'Brien Mix,1cJEPzLBLME22ZUra16HT2,27,https://p.scdn.co/mp3-preview/c8041377da9a467ae08c15e70125305136ebc782?cid=f2aa2c18088747f585c6ff121849072c,13,0.0645
2BcBRQk7ODkwWmLgVmcdoW,Can't Keep,7AOWw68DEPnDmTpquZw8bG,37,https://p.scdn.co/mp3-preview/5ef57a8c54ba28e781bcdff540d3d9b92a75b171?cid=f2aa2c18088747f585c6ff121849072c,1,0.411
4ilxCIvCVtBppVykx9UDaX,Save You,7AOWw68DEPnDmTpquZw8bG,39,https://p.scdn.co/mp3-preview/0a0935078fd8bb8ccaca05f20a2e6cba6da79043?cid=f2aa2c18088747f585c6ff121849072c,2,0.558
1chdbWCaBaoQUQLWEfew5l,Love Boat Captain,7AOWw68DEPnDmTpquZw8bG,40,https://p.scdn.co/mp3-preview/aa0af5946f5191c3f5aed77ecdbb08aee7491385?cid=f2aa2c18088747f585c6ff121849072c,3,0.176
55LCdeXqozDZa2PClAERJn,Cropduster,7AOWw68DEPnDmTpquZw8bG,34,https://p.scdn.co/mp3-preview/88e305fe5273b1a7c87647965c83ce33ccba29ff?cid=f2aa2c18088747f585c6ff121849072c,4,0.538
4gWzDHJjOjtlZMqjRHAbAj,Ghost,7AOWw68DEPnDmTpquZw8bG,34,https://p.scdn.co/mp3-preview/ab6fef5e9962e59b761b909e731f1d1a65d90467?cid=f2aa2c18088747f585c6ff121849072c,5,0.398
79pY2Z5eFvXMt9bSdHLrnA,I Am Mine,7AOWw68DEPnDmTpquZw8bG,58,https://p.scdn.co/mp3-preview/2501e9cc8002f7d718f432a2293e5a9102e9e21e?cid=f2aa2c18088747f585c6ff121849072c,6,0.489
42JkURlKrerwh2JdlwEkg4,Thumbing My Way,7AOWw68DEPnDmTpquZw8bG,49,https://p.scdn.co/mp3-preview/b4783653e61263a87c3622ae919f20d652a42864?cid=f2aa2c18088747f585c6ff121849072c,7,0.256
7Hd4BJFPRYnF8FRyVhrXJr,You Are,7AOWw68DEPnDmTpquZw8bG,38,https://p.scdn.co/mp3-preview/60ea2069bae0304aa6ee38329148b095d6b2e1a6?cid=f2aa2c18088747f585c6ff121849072c,8,0.399
5QLZlfPmgwIlubYuOh1ZWf,Get Right,7AOWw68DEPnDmTpquZw8bG,33,https://p.scdn.co/mp3-preview/4b29aa051c9e5a040524d409f250e3541030c03b?cid=f2aa2c18088747f585c6ff121849072c,9,0.778
4Yp5xUxJWRJrg8MFK3CeEv,Green Disease,7AOWw68DEPnDmTpquZw8bG,34,https://p.scdn.co/mp3-preview/4fdcf933881318da939dce2efea47b5ef6e79f51?cid=f2aa2c18088747f585c6ff121849072c,10,0.533
07FbAbLMzbiuuzUpZq1wcY,Help Help,7AOWw68DEPnDmTpquZw8bG,32,https://p.scdn.co/mp3-preview/693ee51e5df806f7ca15f93d83a3d8800dacbebc?cid=f2aa2c18088747f585c6ff121849072c,11,0.363
2boUi6EKNxQwn1uFwn3LVP,Bu$hleaguer,7AOWw68DEPnDmTpquZw8bG,33,https://p.scdn.co/mp3-preview/0e80663285c9715d9f7e464c062e37b2c31a65b0?cid=f2aa2c18088747f585c6ff121849072c,12,0.423
2Iqf4Ee2zr1LOi7Osz4Gtc,1/2 Full,7AOWw68DEPnDmTpquZw8bG,33,https://p.scdn.co/mp3-preview/d1879221455a9c675558b6c701c5e3e2f7d910b3?cid=f2aa2c18088747f585c6ff121849072c,13,0.265
4xWWXa5myxGjPKsQw8QKcx,Arc,7AOWw68DEPnDmTpquZw8bG,32,https://p.scdn.co/mp3-preview/1b9d5b831a300a03874bf68786185f3705ca567d?cid=f2aa2c18088747f585c6ff121849072c,14,0.212
4o7SYOv7mNJAPe0tsxgbHc,All or None,7AOWw68DEPnDmTpquZw8bG,37,https://p.scdn.co/mp3-preview/ccd136a1009d1e69064297e89adb12103f65fb6b?cid=f2aa2c18088747f585c6ff121849072c,15,0.426
669ifzXUEcPg764RzK3ZHG,Breakerfall,1RuYprt6Qlqu286h1f4dzZ,37,https://p.scdn.co/mp3-preview/fb3c7e3694d24f8bf1179b78bd6a99c3ca9c265a?cid=f2aa2c18088747f585c6ff121849072c,1,0.267
1V7mawuVyy1dq3mINIwBTZ,Gods' Dice,1RuYprt6Qlqu286h1f4dzZ,34,https://p.scdn.co/mp3-preview/cbb85162f70afe909105e738a64f9d55207ad314?cid=f2aa2c18088747f585c6ff121849072c,2,0.581
0PLMCiun7wUeoVZjxOPGRY,Evacuation,1RuYprt6Qlqu286h1f4dzZ,34,https://p.scdn.co/mp3-preview/160489eff3540f95c5d3b2af6b1b707d22413682?cid=f2aa2c18088747f585c6ff121849072c,3,0.86
1Tnixg8lMEydzmBsZzxQpR,Light Years,1RuYprt6Qlqu286h1f4dzZ,44,https://p.scdn.co/mp3-preview/c30dd8426c0bfed5a24e35e91f1eb7d25662f468?cid=f2aa2c18088747f585c6ff121849072c,4,0.746
1pNSYQkmeFSqsSOGwwxs5L,Nothing As It Seems,1RuYprt6Qlqu286h1f4dzZ,43,https://p.scdn.co/mp3-preview/f0e49c324dece5e5fdaf7c26d466356d9231617d?cid=f2aa2c18088747f585c6ff121849072c,5,0.0445
5bPYDsEQUNTjj4XonBt95N,Thin Air,1RuYprt6Qlqu286h1f4dzZ,42,https://p.scdn.co/mp3-preview/a449c4f0f2e2d5e87b178099c66e0c64d9010621?cid=f2aa2c18088747f585c6ff121849072c,6,0.476
3MMTT8PtN1C0SkAJdHdnOK,Insignificance,1RuYprt6Qlqu286h1f4dzZ,37,https://p.scdn.co/mp3-preview/bd93f84937c71b7b8f2724a042c22950930d38c6?cid=f2aa2c18088747f585c6ff121849072c,7,0.295
01lAY8jr5I5Xw69jtiqR8k,Of the Girl,1RuYprt6Qlqu286h1f4dzZ,39,https://p.scdn.co/mp3-preview/8dabddd1979f7b172cc9f652560a14a04113b919?cid=f2aa2c18088747f585c6ff121849072c,8,0.0492
189mR6FM4zq4cd8u3ZAfSB,Grievance,1RuYprt6Qlqu286h1f4dzZ,34,https://p.scdn.co/mp3-preview/81f638c3f53629e39554fe5aa825e5fb36583eb9?cid=f2aa2c18088747f585c6ff121849072c,9,0.582
2HEiUajsmUu30YwUqkYIrm,Rival,1RuYprt6Qlqu286h1f4dzZ,34,https://p.scdn.co/mp3-preview/996b6e143921b55fadb92fb300dbb2935e122f75?cid=f2aa2c18088747f585c6ff121849072c,10,0.698
3itYh9QO1W4VLLmFTcUOqE,Sleight of Hand,1RuYprt6Qlqu286h1f4dzZ,35,https://p.scdn.co/mp3-preview/2952a164351ea5c9acec7686537a3877d24dffdd?cid=f2aa2c18088747f585c6ff121849072c,11,0.284
3HMewTWHRtb7GY1hjG2kIw,Soon Forget,1RuYprt6Qlqu286h1f4dzZ,37,https://p.scdn.co/mp3-preview/9f117c18eba8ac707921d561b8de8fe631e42530?cid=f2aa2c18088747f585c6ff121849072c,12,0.511
3kBCvmj4qHqM2FVuF54EZO,Parting Ways,1RuYprt6Qlqu286h1f4dzZ,33,https://p.scdn.co/mp3-preview/a29ee133a385bb37b16ad10dcc1da0b08959e045?cid=f2aa2c18088747f585c6ff121849072c,13,0.969
2ciZyChQxTYWayapgNRivS,Brain of J.,5zsDtoSrXK4usJ4MB1tCh2,41,https://p.scdn.co/mp3-preview/255ab659a8a9f0b4a643d9c4a10adab941f943bc?cid=f2aa2c18088747f585c6ff121849072c,1,0.369
4x7pGc0dOEW882qp0oSEYx,Faithful,5zsDtoSrXK4usJ4MB1tCh2,42,https://p.scdn.co/mp3-preview/1b3d22a8526973ede61dba5c902eb5410519714c?cid=f2aa2c18088747f585c6ff121849072c,2,0.403
3tXztMiRtWvLDrwJUEfd2o,No Way,5zsDtoSrXK4usJ4MB1tCh2,40,https://p.scdn.co/mp3-preview/04ff32f16744a6ba9d1f9fccf0b2d939659a1126?cid=f2aa2c18088747f585c6ff121849072c,3,0.639
3vL9lPWBuv0ZR3c5YmdhDl,Given to Fly,5zsDtoSrXK4usJ4MB1tCh2,59,https://p.scdn.co/mp3-preview/9518a604a43fdeb8c9ad8b88b9258ee137120c77?cid=f2aa2c18088747f585c6ff121849072c,4,0.341
7hObovvcbBpXgZHQ9if4WU,Wishlist,5zsDtoSrXK4usJ4MB1tCh2,56,https://p.scdn.co/mp3-preview/345c0e6be008f649294d4afd8ce6628b2aa25736?cid=f2aa2c18088747f585c6ff121849072c,5,0.101
3Wwch6lLcgDh9IC5Vm1QiF,Pilate,5zsDtoSrXK4usJ4MB1tCh2,38,https://p.scdn.co/mp3-preview/86eccc3da0ea264de7136a846f0c9e6a976cad41?cid=f2aa2c18088747f585c6ff121849072c,6,0.225
0dIipTYASaFwX1QxVrVFV7,Do the Evolution,5zsDtoSrXK4usJ4MB1tCh2,58,https://p.scdn.co/mp3-preview/d0d28d360eed093c2e3ad986d09e95e64013a016?cid=f2aa2c18088747f585c6ff121849072c,7,0.325
2iEFhXSCuvzDeghAu0cF7I,Red Bar,5zsDtoSrXK4usJ4MB1tCh2,36,https://p.scdn.co/mp3-preview/a205a97a38cea1bd6e6a0121b24fd6b5832abc27?cid=f2aa2c18088747f585c6ff121849072c,8,0.7
6X4PHBMrZswxqEYChBFQx4,MFC,5zsDtoSrXK4usJ4MB1tCh2,40,https://p.scdn.co/mp3-preview/7ddd6bd1fe0db71c6265d68049c3a4783d158623?cid=f2aa2c18088747f585c6ff121849072c,9,0.172
1kLq84QrK6cJE11uX5iOj6,Low Light,5zsDtoSrXK4usJ4MB1tCh2,43,https://p.scdn.co/mp3-preview/ad3a24d533160b491291f779390516d0fa0b226f?cid=f2aa2c18088747f585c6ff121849072c,10,0.454
4Pd29XwNou8SVdjcoVR4WP,In Hiding,5zsDtoSrXK4usJ4MB1tCh2,41,https://p.scdn.co/mp3-preview/c565bcc2ccfa72341fc0301c37eaa016313d1291?cid=f2aa2c18088747f585c6ff121849072c,11,0.391
4WHPvI0UcOhJo8LzPxHf2w,"Push Me, Pull Me",5zsDtoSrXK4usJ4MB1tCh2,35,https://p.scdn.co/mp3-preview/8d65679f259143263a8dccf740e3ba97cd7b9ce9?cid=f2aa2c18088747f585c6ff121849072c,12,0.126
0oCEqFK9H3TZsxlj0jrGMf,All Those Yesterdays,5zsDtoSrXK4usJ4MB1tCh2,38,https://p.scdn.co/mp3-preview/c07f6ffc2bf52dd29fd4091ec3510a52f2bf2e08?cid=f2aa2c18088747f585c6ff121849072c,13,0.0684
0aQSnPenkOc20UTX9RMH60,Sometimes,3FKhxgSZdtJBIjdHsjbxI0,48,https://p.scdn.co/mp3-preview/3804c17817d09649e181d092df90ade7bb8d5c05?cid=f2aa2c18088747f585c6ff121849072c,1,0.0622
5cpnyC2TLztgxOWNzoxqbY,"Hail, Hail",3FKhxgSZdtJBIjdHsjbxI0,50,https://p.scdn.co/mp3-preview/ed7530d85a588a9292c05c507a043e3529e623b7?cid=f2aa2c18088747f585c6ff121849072c,2,0.235
2Avh5LgyS4UCeYbzmgiSg9,Who You Are,3FKhxgSZdtJBIjdHsjbxI0,48,https://p.scdn.co/mp3-preview/16cd858c0a539d81497f814ee9dd40f382bd2ff0?cid=f2aa2c18088747f585c6ff121849072c,3,0.623
2LVgdv5CFLEsFEh7BlRuDO,In My Tree,3FKhxgSZdtJBIjdHsjbxI0,39,https://p.scdn.co/mp3-preview/28a874e987b45bfe6db2869cb78549f6134e783a?cid=f2aa2c18088747f585c6ff121849072c,4,0.415
5707A8XNKQT26Ciek7H9KV,Smile,3FKhxgSZdtJBIjdHsjbxI0,50,https://p.scdn.co/mp3-preview/5408dcfd9037a1f36a7ef98d1932c6cfa8c2d5af?cid=f2aa2c18088747f585c6ff121849072c,5,0.683
0G6qDSSFmjzb9N0PK8PjGm,Off He Goes,3FKhxgSZdtJBIjdHsjbxI0,54,https://p.scdn.co/mp3-preview/a5a26bbea19e744a240790e79aa746660f981750?cid=f2aa2c18088747f585c6ff121849072c,6,0.343
58M7RujZoMTuG45wcC0eTi,Habit,3FKhxgSZdtJBIjdHsjbxI0,36,https://p.scdn.co/mp3-preview/cca08cf0ec3f8a81794764f57a4e7cc9309ffa52?cid=f2aa2c18088747f585c6ff121849072c,7,0.147
53W0AL4qdOb5IpCxJM4AdE,Red Mosquito,3FKhxgSZdtJBIjdHsjbxI0,47,https://p.scdn.co/mp3-preview/b833cd46c98d91d28e4086fe5add27b711223e94?cid=f2aa2c18088747f585c6ff121849072c,8,0.352
4thEpE8oDddq6fVuHfdKUY,Lukin,3FKhxgSZdtJBIjdHsjbxI0,38,https://p.scdn.co/mp3-preview/a74f37309736ba8ce99a422625d8b648d4182c38?cid=f2aa2c18088747f585c6ff121849072c,9,0.789
679zqcQuKakOGI93NPCqB8,Present Tense,3FKhxgSZdtJBIjdHsjbxI0,41,https://p.scdn.co/mp3-preview/7867e39baa10a0927dd1640765897f509e529b67?cid=f2aa2c18088747f585c6ff121849072c,10,0.105
4HgS0Kru2xhIRdPVGhSY36,Mankind,3FKhxgSZdtJBIjdHsjbxI0,35,https://p.scdn.co/mp3-preview/ee7aaf8d2e669fa3086f2673cfe26ee322d952e9?cid=f2aa2c18088747f585c6ff121849072c,11,0.309
1eSs3ZKTdiUmw9e2EQ3SZ6,I'm Open,3FKhxgSZdtJBIjdHsjbxI0,33,https://p.scdn.co/mp3-preview/57bae1740b8a3cd443ad6b8f69c98b1493e4e60d?cid=f2aa2c18088747f585c6ff121849072c,12,0.0979
3eB4YDcvr8Z4WNc1oRK3cS,Around the Bend,3FKhxgSZdtJBIjdHsjbxI0,39,https://p.scdn.co/mp3-preview/e2db3738d17424b3e4e72f985261e5dd34fd51ca?cid=f2aa2c18088747f585c6ff121849072c,13,0.52
7KI86LPytAwSgn5VPV47hK,Spin The Black Circle,3jfj1bSF8t8fypiRA5PjQq,25,https://p.scdn.co/mp3-preview/22c91c40864362b76c6f3c267138800d979947dd?cid=f2aa2c18088747f585c6ff121849072c,1,0.327
6nHjY0B0wVyqIGhSyswWUF,Satan's Bed,3jfj1bSF8t8fypiRA5PjQq,22,https://p.scdn.co/mp3-preview/d4f9f39571e1977f6ca31836d946d67bd2d2366d?cid=f2aa2c18088747f585c6ff121849072c,2,0.729
0IuaLsYuFVyA8JaHU1lSn0,Corduroy,3jfj1bSF8t8fypiRA5PjQq,27,https://p.scdn.co/mp3-preview/d03025e0a935d2881ec033baf80c6f80f89594ed?cid=f2aa2c18088747f585c6ff121849072c,3,0.231
4v4YoCUZ1RQaPAWYSNMnJh,Not For You,3jfj1bSF8t8fypiRA5PjQq,24,https://p.scdn.co/mp3-preview/ca6487edc1f3cdd19c24ae92ba8f8646e10e29dd?cid=f2aa2c18088747f585c6ff121849072c,4,0.196
47TXQHQvX8Lpko315XDkHd,Immortality,3jfj1bSF8t8fypiRA5PjQq,27,https://p.scdn.co/mp3-preview/23cb88568682c6b0b42c92a371e9fec05f24bfa6?cid=f2aa2c18088747f585c6ff121849072c,5,0.0916
6aYgewlbPHAuW9NBRcigVU,Last Exit,3jfj1bSF8t8fypiRA5PjQq,22,https://p.scdn.co/mp3-preview/aa105b04cc06a6c82701bfe9d14ded2bb880f2c2?cid=f2aa2c18088747f585c6ff121849072c,6,0.947
09TQ0AYCt3NbKdcjfVit52,Blood,3jfj1bSF8t8fypiRA5PjQq,21,https://p.scdn.co/mp3-preview/a1c131fae3ad89671743a2de1a95dd49628f0424?cid=f2aa2c18088747f585c6ff121849072c,7,0.2
2reH9GF0Z8J95Anc4rpzzl,Tremor Christ,3jfj1bSF8t8fypiRA5PjQq,21,https://p.scdn.co/mp3-preview/d9b8b80843afdca4be4014d72e99b279f555b9f5?cid=f2aa2c18088747f585c6ff121849072c,8,0.592
6qpo3Y9EqhmCmsBRRvahBg,Porch,3jfj1bSF8t8fypiRA5PjQq,25,https://p.scdn.co/mp3-preview/3ee91cf5e90d7d0608ef3a94b11aa00265127ee8?cid=f2aa2c18088747f585c6ff121849072c,9,0.242
4OTs4BguRzP7TDIHeEiKQL,Indifference,3jfj1bSF8t8fypiRA5PjQq,26,https://p.scdn.co/mp3-preview/50487c15c131a35f334c9efb0676c3a7d2609dea?cid=f2aa2c18088747f585c6ff121849072c,10,0.246
3g9QJOXLmC8lWnbvA0D0hl,Last Exit - Remastered,5pd9B3KQWKshHw4lnsSLNy,42,https://p.scdn.co/mp3-preview/3b0b4ef1028f452fbb76ae15a4e147b7e2ebbf9f?cid=f2aa2c18088747f585c6ff121849072c,1,0.672
7Al0ADUt8SCPiQIBbTcNdR,Spin the Black Circle - Remastered,5pd9B3KQWKshHw4lnsSLNy,49,https://p.scdn.co/mp3-preview/123a7eefd0d5f2d5b40c8de2700dd986d76487ab?cid=f2aa2c18088747f585c6ff121849072c,2,0.141
5gdmwS7vtRb8AGGRio84uX,Not for You - Remastered,5pd9B3KQWKshHw4lnsSLNy,52,https://p.scdn.co/mp3-preview/a1db45bb555947a1fe85b6c382373d38df1a2e4b?cid=f2aa2c18088747f585c6ff121849072c,3,0.13
0TQvjpyA3NfYLrwIhKxSON,Tremor Christ - Remastered,5pd9B3KQWKshHw4lnsSLNy,42,https://p.scdn.co/mp3-preview/10eeaec197b43f49c9ed9249c3187b9a5b4c2ae8?cid=f2aa2c18088747f585c6ff121849072c,4,0.598
74kd56Y1oNbQVEQnMdO9LH,Nothingman - Remastered,5pd9B3KQWKshHw4lnsSLNy,57,https://p.scdn.co/mp3-preview/971eacc16f2e8db3c4c909ede0e85d0617951c3d?cid=f2aa2c18088747f585c6ff121849072c,5,0.15
0zwjhaBWQEs7LUkuIZFRtl,Whipping - Remastered,5pd9B3KQWKshHw4lnsSLNy,40,https://p.scdn.co/mp3-preview/cb3f57b23d318002a884df170eb83be085af286b?cid=f2aa2c18088747f585c6ff121849072c,6,0.452
6Niltvp85DWb4qstAwW0NW,"Pry, To - Remastered",5pd9B3KQWKshHw4lnsSLNy,36,https://p.scdn.co/mp3-preview/b1eab4f732ed6091544bbf6a7b6046bdd139d27b?cid=f2aa2c18088747f585c6ff121849072c,7,0.315
5F6rwEF15hN1jnhNk2YQHn,Corduroy - Remastered,5pd9B3KQWKshHw4lnsSLNy,56,https://p.scdn.co/mp3-preview/d56ed8c2a0031e17db27320750ac2cd5ac943473?cid=f2aa2c18088747f585c6ff121849072c,8,0.134
25YNWb6yFc2ATkZ7INpatB,Bugs - Remastered,5pd9B3KQWKshHw4lnsSLNy,36,https://p.scdn.co/mp3-preview/53aea4b1958c642d7a1984e4b7905bd4e63d3763?cid=f2aa2c18088747f585c6ff121849072c,9,0.644
7Lcpuetp0oQtELVnd5Hw9s,Satan's Bed - Remastered,5pd9B3KQWKshHw4lnsSLNy,38,https://p.scdn.co/mp3-preview/7e06e30babdf468ee020ffbd66be438668bc2353?cid=f2aa2c18088747f585c6ff121849072c,10,0.661
2B98ljvzqpCVgt5reTHq28,Better Man - Remastered,5pd9B3KQWKshHw4lnsSLNy,68,https://p.scdn.co/mp3-preview/58210f3687c253cc304fd276d20780638221606b?cid=f2aa2c18088747f585c6ff121849072c,11,0.267
1I0K800Ool9zOIxXhP31u2,Aya Davanita - Remastered,5pd9B3KQWKshHw4lnsSLNy,37,https://p.scdn.co/mp3-preview/9e8ae47ef3303030e4578fee501274e7d963ba21?cid=f2aa2c18088747f585c6ff121849072c,12,0.284
5TxUedy2CM04QihDdOFnsk,Immortality - Remastered,5pd9B3KQWKshHw4lnsSLNy,57,https://p.scdn.co/mp3-preview/be90366c7e0de8fe8ef81d35dc0d3e3af58515c8?cid=f2aa2c18088747f585c6ff121849072c,13,0.118
0hbds76eofToTXy335KQiR,Stupidmop - Remastered,5pd9B3KQWKshHw4lnsSLNy,35,https://p.scdn.co/mp3-preview/171bdba253ef6bd3a80892e082a1f5a2c297f9d8?cid=f2aa2c18088747f585c6ff121849072c,14,0.291
6tprZ8QNcbkSebyC9HDgRH,Better Man - Guitar / Organ Only,5pd9B3KQWKshHw4lnsSLNy,45,https://p.scdn.co/mp3-preview/3b31b6e086877552dc52f2dd8033dd835bcb74d7?cid=f2aa2c18088747f585c6ff121849072c,15,0.17
4d776pexGoCw08uOrvusZz,Corduroy - Alternate Take,5pd9B3KQWKshHw4lnsSLNy,37,https://p.scdn.co/mp3-preview/3474d84827e25a63e2c1381b16ff9630497b1c72?cid=f2aa2c18088747f585c6ff121849072c,16,0.108
3WUtA4WlY15QJDT6FgTsHw,Nothingman - Demo,5pd9B3KQWKshHw4lnsSLNy,37,https://p.scdn.co/mp3-preview/52c82aea16dc7240eb5d1310c529e6c22661097a?cid=f2aa2c18088747f585c6ff121849072c,17,0.122
7M1L2Cv5025QeywNsdfPDK,Go (Remastered),3BSOiAas8BpJOii3kCPyjV,53,https://p.scdn.co/mp3-preview/a598dcdd0d187da2169c703e7800b43f48feb810?cid=f2aa2c18088747f585c6ff121849072c,1,0.377
2EzaNI2kE2AoBfJ8mRZLSJ,Animal (Remastered),3BSOiAas8BpJOii3kCPyjV,55,https://p.scdn.co/mp3-preview/f9c48cea9da58f512d367a12ea477ae6d2736ded?cid=f2aa2c18088747f585c6ff121849072c,2,0.473
53eJFr4Mfbw5PXJ01K6cFw,Daughter (Remastered),3BSOiAas8BpJOii3kCPyjV,68,https://p.scdn.co/mp3-preview/1528fb614346927a25100d1f95ade1c7b0260bf3?cid=f2aa2c18088747f585c6ff121849072c,3,0.734
4SkDezIvfJfGcUrEq37KpF,Glorified G (Remastered),3BSOiAas8BpJOii3kCPyjV,46,https://p.scdn.co/mp3-preview/b00f93e34dacfda2da34a74874579488c013b1ea?cid=f2aa2c18088747f585c6ff121849072c,4,0.726
1NnUbdEvJigY0ARnoOgDrv,Dissident (Remastered),3BSOiAas8BpJOii3kCPyjV,55,https://p.scdn.co/mp3-preview/6703aa089d70dcfdb721949388927f465c99ab7f?cid=f2aa2c18088747f585c6ff121849072c,5,0.531
1BMkUNT9YSeYbTtE88jMHk,W.M.A. (Remastered),3BSOiAas8BpJOii3kCPyjV,44,https://p.scdn.co/mp3-preview/c6b97ac3fe13ef214235fda96e8dad6f650c7347?cid=f2aa2c18088747f585c6ff121849072c,6,0.663
72oiKwTwejHrwUxJ7Nur8r,Blood (Remastered),3BSOiAas8BpJOii3kCPyjV,42,https://p.scdn.co/mp3-preview/adc97ccf9bc9a569c1bc229f3079c7f0027cacfd?cid=f2aa2c18088747f585c6ff121849072c,7,0.542
5XtyytAig4m3HkO2XXaL9l,Rearviewmirror (Remastered),3BSOiAas8BpJOii3kCPyjV,59,https://p.scdn.co/mp3-preview/2a853b5baba872abb45862012c0efea3236058a4?cid=f2aa2c18088747f585c6ff121849072c,8,0.437
3ExkycVpwb2mCZ6MsJuECz,Rats (Remastered),3BSOiAas8BpJOii3kCPyjV,44,https://p.scdn.co/mp3-preview/4b670af90660c0972704c718e0d558b9c5ed9d2a?cid=f2aa2c18088747f585c6ff121849072c,9,0.567
5lHgBqh9VwAAzQma55gHRY,Elderly Woman Behind the Counter in a Small Town (Remastered),3BSOiAas8BpJOii3kCPyjV,63,https://p.scdn.co/mp3-preview/b82ade2886065e67171e382ee804f0559628264d?cid=f2aa2c18088747f585c6ff121849072c,10,0.183
52FlqmFHKaTV0dDMEe0F4F,Leash (Remastered),3BSOiAas8BpJOii3kCPyjV,44,https://p.scdn.co/mp3-preview/a603985f7c41aa092a87eb5ff8525734ee55211a?cid=f2aa2c18088747f585c6ff121849072c,11,0.366
37x0jGGt2DmpGSz6AsVePq,Indifference (Remastered),3BSOiAas8BpJOii3kCPyjV,48,https://p.scdn.co/mp3-preview/c5d6c8b7b92fd404ecebd7511a0261349fc9d009?cid=f2aa2c18088747f585c6ff121849072c,12,0.245
3sugausDcBgnOFqkfJvMVN,Hold On - bonus track,3BSOiAas8BpJOii3kCPyjV,42,https://p.scdn.co/mp3-preview/0b82633fd7857a28ad94476bc46a388fe66b1aec?cid=f2aa2c18088747f585c6ff121849072c,13,0.279
5YXRtQZhHZyb1U7HHqwlfm,Cready Stomp - bonus track,3BSOiAas8BpJOii3kCPyjV,38,https://p.scdn.co/mp3-preview/aebc6551f92b22215b3722b0e7570b7292d78040?cid=f2aa2c18088747f585c6ff121849072c,14,0.537
40hrL4q3dxErnwzpIof6fc,Crazy Mary (Remastered),3BSOiAas8BpJOii3kCPyjV,47,https://p.scdn.co/mp3-preview/9b53a15fcafead75df61636496004138c525d58c?cid=f2aa2c18088747f585c6ff121849072c,15,0.104
3wtVr6qWTj7A6FTLpA0Zlf,Once - Brendan O'Brien Mix,6a5n1Frj3nxGcyTqT1xfrg,34,https://p.scdn.co/mp3-preview/f15178355012828b2d9b635bdfb192c345d33a1a?cid=f2aa2c18088747f585c6ff121849072c,1,0.335
4XEvl1bOlgslzaoAswDIhd,Even Flow - Brendan O'Brien Mix,6a5n1Frj3nxGcyTqT1xfrg,38,https://p.scdn.co/mp3-preview/ac86e8c8feaf540ea0cfe77b5ccb96e4d17a0c06?cid=f2aa2c18088747f585c6ff121849072c,2,0.323
0XLLWzt1wZwAQSxRnil0DQ,Alive - Brendan O'Brien Mix,6a5n1Frj3nxGcyTqT1xfrg,41,https://p.scdn.co/mp3-preview/42fbf28306dd57d7ed26936d727f167eea801705?cid=f2aa2c18088747f585c6ff121849072c,3,0.356
6eaGa45WCnqqUZsEPovGt4,Why Go - Brendan O'Brien Mix,6a5n1Frj3nxGcyTqT1xfrg,34,https://p.scdn.co/mp3-preview/de4b9cfca6a6a32ba325e7a70552f662b5be5f72?cid=f2aa2c18088747f585c6ff121849072c,4,0.357
7s4UZ9jM8KtEbCdJhxWCec,Black - Brendan O'Brien Mix,6a5n1Frj3nxGcyTqT1xfrg,42,https://p.scdn.co/mp3-preview/c02565cfb4beb240029dc101c28804b8fbc8c647?cid=f2aa2c18088747f585c6ff121849072c,5,0.211
1ZH41dkdR51mDm9u8IXZIh,Jeremy - Brendan O'Brien Mix,6a5n1Frj3nxGcyTqT1xfrg,37,https://p.scdn.co/mp3-preview/ce45cc509454701227167dedb5bd456bca445b14?cid=f2aa2c18088747f585c6ff121849072c,6,0.245
5aC2ltfGjDWaOi7PDcak4y,Oceans - Brendan O'Brien Mix,6a5n1Frj3nxGcyTqT1xfrg,34,https://p.scdn.co/mp3-preview/360158677b93f11750272f5accf9d61f99538398?cid=f2aa2c18088747f585c6ff121849072c,7,0.137
35c7BHgm3Up8r7ATikZCaW,Porch - Brendan O'Brien Mix,6a5n1Frj3nxGcyTqT1xfrg,34,https://p.scdn.co/mp3-preview/fef736f0d84ba21e90f60803e647f91120f73bba?cid=f2aa2c18088747f585c6ff121849072c,8,0.107
0zq2wk1f4VGm57UXWUik3L,Garden - Brendan O'Brien Mix,6a5n1Frj3nxGcyTqT1xfrg,33,https://p.scdn.co/mp3-preview/59ff0e00d3ff750cb4163047a880338f20f93b23?cid=f2aa2c18088747f585c6ff121849072c,9,0.218
4AQrRZMo8yMNaeAkOnM2xm,Deep - Brendan O'Brien Mix,6a5n1Frj3nxGcyTqT1xfrg,30,https://p.scdn.co/mp3-preview/4e2cbe41b3aca6841d7f0e4e1b91e78d2c89a45b?cid=f2aa2c18088747f585c6ff121849072c,10,0.289
7vLmVEUcNQWc85fMGGjiWX,Release - Brendan O'Brien Mix,6a5n1Frj3nxGcyTqT1xfrg,33,https://p.scdn.co/mp3-preview/642072a31d83a997cea51ed5f82622c8c384ccee?cid=f2aa2c18088747f585c6ff121849072c,11,0.0895
5gzndiMhnAJDXeTwGM6pNx,Brother - With vocals,6a5n1Frj3nxGcyTqT1xfrg,31,https://p.scdn.co/mp3-preview/ac189db46596945d13c5aea77d7327a24329962f?cid=f2aa2c18088747f585c6ff121849072c,12,0.412
5W8CZbCU5CUtDGzNRY8QDS,Just a Girl,6a5n1Frj3nxGcyTqT1xfrg,29,https://p.scdn.co/mp3-preview/b90b0caac0e3a4945fa44131c96ea80a73c0421d?cid=f2aa2c18088747f585c6ff121849072c,13,0.378
5MKOlNUzl3UcIFzPWIgiQj,Breath - Demo,6a5n1Frj3nxGcyTqT1xfrg,30,https://p.scdn.co/mp3-preview/0be20b5a7a6543f190ea5ea4a48ce5c7f03005ae?cid=f2aa2c18088747f585c6ff121849072c,14,0.382
5hEkLEuDEWVMQ4sxcz51Je,State of Love and Trust,6a5n1Frj3nxGcyTqT1xfrg,34,https://p.scdn.co/mp3-preview/cc64e373c8a1a9fee5ba28e89c352ff2d62d57bb?cid=f2aa2c18088747f585c6ff121849072c,15,0.362
7s37jLvS8FzdWznRwvDDjQ,"2,000 Mile Blues",6a5n1Frj3nxGcyTqT1xfrg,27,https://p.scdn.co/mp3-preview/2c49dd4e08e927e1c0aa6b1e577aa0a69c06425e?cid=f2aa2c18088747f585c6ff121849072c,16,0.328
3GWu5SKNfEnXANuMRhC5zc,Evil Little Goat - Rehearsal studio outtake,6a5n1Frj3nxGcyTqT1xfrg,25,https://p.scdn.co/mp3-preview/6664ef605e648ae0cd45d59730293cf377aa3a63?cid=f2aa2c18088747f585c6ff121849072c,17,0.495
4nRyBgsqXEP2oPfzaMeZr7,Once,5B4PYA7wNN4WdEXdIJu58a,58,https://p.scdn.co/mp3-preview/6fcd884ac4ea0ec4b2a60b53bf163f2c1390922a?cid=f2aa2c18088747f585c6ff121849072c,1,0.211
6QewNVIDKdSl8Y3ycuHIei,Even Flow,5B4PYA7wNN4WdEXdIJu58a,75,https://p.scdn.co/mp3-preview/c3ea42310a641fd8febd51dc93c06f8f0876dfea?cid=f2aa2c18088747f585c6ff121849072c,2,0.265
1L94M3KIu7QluZe63g64rv,Alive,5B4PYA7wNN4WdEXdIJu58a,76,https://p.scdn.co/mp3-preview/628f678adab15d9b2b8a144e4bdffd5b2c493436?cid=f2aa2c18088747f585c6ff121849072c,3,0.595
337kipThk7s7nHJ8POg1jK,Why Go,5B4PYA7wNN4WdEXdIJu58a,54,https://p.scdn.co/mp3-preview/951e15b0d9de41e5d6ca48d5f9c0c56559f2e052?cid=f2aa2c18088747f585c6ff121849072c,4,0.316
5Xak5fmy089t0FYmh3VJiY,Black,5B4PYA7wNN4WdEXdIJu58a,75,https://p.scdn.co/mp3-preview/c6773a34d5fae11fb1c2b85b9c5efdac2aa693ec?cid=f2aa2c18088747f585c6ff121849072c,5,0.2
62nQ8UZVqR2RMvkJHkcO2o,Jeremy,5B4PYA7wNN4WdEXdIJu58a,73,https://p.scdn.co/mp3-preview/c5742cc09643dc0704b397d938b425c575f89b57?cid=f2aa2c18088747f585c6ff121849072c,6,0.287
0LBmvPJYmtEJ7kkWvc3kbT,Oceans,5B4PYA7wNN4WdEXdIJu58a,55,https://p.scdn.co/mp3-preview/91b274d020df0fc9c2f0832cbfb192ea52ab2f49?cid=f2aa2c18088747f585c6ff121849072c,7,0.147
3zNkNyXEeDs2HeAZ0fYqxI,Porch,5B4PYA7wNN4WdEXdIJu58a,55,https://p.scdn.co/mp3-preview/87d18f2d1987d6212d5e0b41a9f3af1a50d2748a?cid=f2aa2c18088747f585c6ff121849072c,8,0.17
3KcJEOyaLDLAERlOCBhmPA,Garden,5B4PYA7wNN4WdEXdIJu58a,55,https://p.scdn.co/mp3-preview/4ef52fa8cb1ebc9449d7981775b3368d14bd31d1?cid=f2aa2c18088747f585c6ff121849072c,9,0.179
4tfWxyTBCJoN5gK358oL3W,Deep,5B4PYA7wNN4WdEXdIJu58a,51,https://p.scdn.co/mp3-preview/708ae2daefe3e24670ce8e5b2b6d9acdb5c52817?cid=f2aa2c18088747f585c6ff121849072c,10,0.25
3xAka0D8585mDoShALnsd7,Release,5B4PYA7wNN4WdEXdIJu58a,58,https://p.scdn.co/mp3-preview/6b4f4166ac997749f7efae8c6ad567e68ef3787d?cid=f2aa2c18088747f585c6ff121849072c,11,0.064
